JDK,GC_OPTS,VM_OPTS,PROG_OPTS,TASKSET,DATA,RunTimestamp,Class,MedianRuntimeMs,Checksum,Instructions,Cycles,Branches,BranchMisses,TaskClock,ContextSwitches,CpuMigrations,IPC,SecElapsed,SecUser,SecSys
JDK_21_OPEN,"-XX:+UseZGC","-Xms4g -Xmx4g","-mc 1 -wc 0 -t 8","-c 0-7",1k,20260423-201127,org.onebrc.again26.BRC000_Empty,0,ERROR,4941669560,6451842036,1020313717,112127583,1592052967,225,18,0.77,2.31,0.03,2.26
JDK_21_OPEN,"-XX:+UseZGC","-Xms4g -Xmx4g","-mc 1 -wc 0 -t 8","-c 0-7",10k,20260423-201127,org.onebrc.again26.BRC000_Empty,0,ERROR,4908700233,6519388054,1012026773,111805369,1646661688,206,21,0.75,2.37,0.04,2.34
JDK_21_OPEN,"-XX:+UseZGC","-Xms2g -Xmx2g","-mc 1 -wc 0 -t 8","-c 0-7",1k,20260423-201127,org.onebrc.again26.BRC000_Empty,0,ERROR,2556552499,3409564834,526729145,56987633,846059449,208,19,0.75,1.22,0.04,1.19
JDK_21_OPEN,"-XX:+UseZGC","-Xms2g -Xmx2g","-mc 1 -wc 0 -t 8","-c 0-7",10k,20260423-201127,org.onebrc.again26.BRC000_Empty,0,ERROR,2537055657,3348695161,521051863,56901601,833978458,223,18,0.76,1.20,0.04,1.16
JDK_21_OPEN,"-XX:+UseZGC","-Xms1g -Xmx1g","-mc 1 -wc 0 -t 8","-c 0-7",1k,20260423-201127,org.onebrc.again26.BRC000_Empty,0,ERROR,1366130661,1833839324,280214156,29546996,456473928,196,19,0.74,0.65,0.03,0.62
JDK_21_OPEN,"-XX:+UseZGC","-Xms1g -Xmx1g","-mc 1 -wc 0 -t 8","-c 0-7",10k,20260423-201127,org.onebrc.again26.BRC000_Empty,0,ERROR,1367053484,1828819500,279222673,29602085,459987715,199,14,0.75,0.66,0.04,0.63
JDK_21_OPEN,"-XX:+UseG1GC","-Xms4g -Xmx4g","-mc 1 -wc 0 -t 8","-c 0-7",1k,20260423-201127,org.onebrc.again26.BRC000_Empty,0,ERROR,175552323,221377118,33536538,2291875,59135175,117,14,0.79,0.08,0.03,0.05
JDK_21_OPEN,"-XX:+UseG1GC","-Xms4g -Xmx4g","-mc 1 -wc 0 -t 8","-c 0-7",10k,20260423-201127,org.onebrc.again26.BRC000_Empty,0,ERROR,175257551,219759689,33504047,2301753,58586037,123,7,0.80,0.07,0.03,0.05
JDK_21_OPEN,"-XX:+UseG1GC","-Xms2g -Xmx2g","-mc 1 -wc 0 -t 8","-c 0-7",1k,20260423-201127,org.onebrc.again26.BRC000_Empty,0,ERROR,188000335,236178869,36166661,2555883,61003124,113,11,0.80,0.08,0.03,0.05
JDK_21_OPEN,"-XX:+UseG1GC","-Xms2g -Xmx2g","-mc 1 -wc 0 -t 8","-c 0-7",10k,20260423-201127,org.onebrc.again26.BRC000_Empty,0,ERROR,188846329,232791615,36469744,2587885,61829909,110,15,0.81,0.07,0.02,0.05
JDK_21_OPEN,"-XX:+UseG1GC","-Xms1g -Xmx1g","-mc 1 -wc 0 -t 8","-c 0-7",1k,20260423-201127,org.onebrc.again26.BRC000_Empty,0,ERROR,159967027,194701294,30517825,2089177,58218172,120,10,0.82,0.07,0.03,0.04
JDK_21_OPEN,"-XX:+UseG1GC","-Xms1g -Xmx1g","-mc 1 -wc 0 -t 8","-c 0-7",10k,20260423-201127,org.onebrc.again26.BRC000_Empty,0,ERROR,160263445,201188699,30553411,2076926,54266072,117,12,0.80,0.07,0.02,0.05
JDK_21_OPEN,"-XX:+UseZGC","-Xms4g -Xmx4g","-mc 1 -wc 0 -t 8","-c 0-7",1k,20260423-201127,org.onebrc.again26.BRC001_Baseline,0,ERROR,4929658709,6397078686,1018580459,111690899,1610836778,239,12,0.77,2.35,0.04,2.31
JDK_21_OPEN,"-XX:+UseZGC","-Xms4g -Xmx4g","-mc 1 -wc 0 -t 8","-c 0-7",10k,20260423-201127,org.onebrc.again26.BRC001_Baseline,0,ERROR,4893822901,6861512280,1007804733,111839473,1834708534,191,21,0.71,2.57,0.06,2.52
JDK_21_OPEN,"-XX:+UseZGC","-Xms2g -Xmx2g","-mc 1 -wc 0 -t 8","-c 0-7",1k,20260423-201127,org.onebrc.again26.BRC001_Baseline,0,ERROR,2550053175,3591103280,525249794,56935986,897391911,202,14,0.71,1.32,0.04,1.28
JDK_21_OPEN,"-XX:+UseZGC","-Xms2g -Xmx2g","-mc 1 -wc 0 -t 8","-c 0-7",10k,20260423-201127,org.onebrc.again26.BRC001_Baseline,0,ERROR,2532345126,3494173481,520986831,56924751,911292401,187,16,0.72,1.29,0.04,1.26
JDK_21_OPEN,"-XX:+UseZGC","-Xms1g -Xmx1g","-mc 1 -wc 0 -t 8","-c 0-7",1k,20260423-201127,org.onebrc.again26.BRC001_Baseline,0,ERROR,1362886453,1902294854,278608324,29622968,488581882,191,16,0.72,0.69,0.04,0.66
JDK_21_OPEN,"-XX:+UseZGC","-Xms1g -Xmx1g","-mc 1 -wc 0 -t 8","-c 0-7",10k,20260423-201127,org.onebrc.again26.BRC001_Baseline,0,ERROR,1361566164,1922450482,278749173,29623402,504890844,216,20,0.71,0.72,0.04,0.69
JDK_21_OPEN,"-XX:+UseG1GC","-Xms4g -Xmx4g","-mc 1 -wc 0 -t 8","-c 0-7",1k,20260423-201127,org.onebrc.again26.BRC001_Baseline,0,ERROR,175842315,221978856,33548014,2302606,59378581,116,10,0.79,0.07,0.03,0.04
JDK_21_OPEN,"-XX:+UseG1GC","-Xms4g -Xmx4g","-mc 1 -wc 0 -t 8","-c 0-7",10k,20260423-201127,org.onebrc.again26.BRC001_Baseline,0,ERROR,175207854,220039154,33455433,2309764,58226663,114,11,0.80,0.06,0.02,0.04
JDK_21_OPEN,"-XX:+UseG1GC","-Xms2g -Xmx2g","-mc 1 -wc 0 -t 8","-c 0-7",1k,20260423-201127,org.onebrc.again26.BRC001_Baseline,0,ERROR,189259286,244780935,36401971,2593829,74493070,122,14,0.77,0.08,0.03,0.06
JDK_21_OPEN,"-XX:+UseG1GC","-Xms2g -Xmx2g","-mc 1 -wc 0 -t 8","-c 0-7",10k,20260423-201127,org.onebrc.again26.BRC001_Baseline,0,ERROR,194824090,239630372,37419577,2625571,67866555,106,12,0.81,0.09,0.03,0.05
JDK_21_OPEN,"-XX:+UseG1GC","-Xms1g -Xmx1g","-mc 1 -wc 0 -t 8","-c 0-7",1k,20260423-201127,org.onebrc.again26.BRC001_Baseline,0,ERROR,160656508,200898001,30635600,2103790,54939771,120,11,0.80,0.07,0.03,0.04
JDK_21_OPEN,"-XX:+UseG1GC","-Xms1g -Xmx1g","-mc 1 -wc 0 -t 8","-c 0-7",10k,20260423-201127,org.onebrc.again26.BRC001_Baseline,0,ERROR,160675028,209550260,30645859,2111805,55940934,119,13,0.77,0.06,0.03,0.03
JDK_21_OPEN,"-XX:+UseZGC","-Xms4g -Xmx4g","-mc 1 -wc 0 -t 8","-c 0-7",1k,20260423-201127,org.onebrc.again26.BRC010_NoStream,0,ERROR,4890590824,6590506755,1007729727,111880167,1733142338,210,23,0.74,2.86,0.05,2.82
JDK_21_OPEN,"-XX:+UseZGC","-Xms4g -Xmx4g","-mc 1 -wc 0 -t 8","-c 0-7",10k,20260423-201127,org.onebrc.again26.BRC010_NoStream,0,ERROR,4893651106,6889809549,1008353162,112117127,1991049954,197,22,0.71,3.02,0.06,2.97
JDK_21_OPEN,"-XX:+UseZGC","-Xms2g -Xmx2g","-mc 1 -wc 0 -t 8","-c 0-7",1k,20260423-201127,org.onebrc.again26.BRC010_NoStream,0,ERROR,2552725591,3391772572,525771656,56963413,916092401,224,19,0.75,1.33,0.04,1.30
JDK_21_OPEN,"-XX:+UseZGC","-Xms2g -Xmx2g","-mc 1 -wc 0 -t 8","-c 0-7",10k,20260423-201127,org.onebrc.again26.BRC010_NoStream,0,ERROR,2543055632,3442490998,523035061,57007749,895808214,199,25,0.74,1.35,0.04,1.31
JDK_21_OPEN,"-XX:+UseZGC","-Xms1g -Xmx1g","-mc 1 -wc 0 -t 8","-c 0-7",1k,20260423-201127,org.onebrc.again26.BRC010_NoStream,0,ERROR,1363039904,1982637382,279078011,29713669,549387969,210,15,0.69,0.77,0.04,0.74
JDK_21_OPEN,"-XX:+UseZGC","-Xms1g -Xmx1g","-mc 1 -wc 0 -t 8","-c 0-7",10k,20260423-201127,org.onebrc.again26.BRC010_NoStream,0,ERROR,1375379155,1944173956,282867971,29631235,517288119,202,20,0.71,0.72,0.04,0.68
JDK_21_OPEN,"-XX:+UseG1GC","-Xms4g -Xmx4g","-mc 1 -wc 0 -t 8","-c 0-7",1k,20260423-201127,org.onebrc.again26.BRC010_NoStream,0,ERROR,176314787,244141265,33671715,2307772,69350159,106,10,0.72,0.08,0.04,0.04
JDK_21_OPEN,"-XX:+UseG1GC","-Xms4g -Xmx4g","-mc 1 -wc 0 -t 8","-c 0-7",10k,20260423-201127,org.onebrc.again26.BRC010_NoStream,0,ERROR,175774170,234401346,33523466,2293654,66055087,102,10,0.75,0.09,0.03,0.06
JDK_21_OPEN,"-XX:+UseG1GC","-Xms2g -Xmx2g","-mc 1 -wc 0 -t 8","-c 0-7",1k,20260423-201127,org.onebrc.again26.BRC010_NoStream,0,ERROR,187300060,234179371,36034909,2558410,64391125,114,11,0.80,0.08,0.03,0.05
JDK_21_OPEN,"-XX:+UseG1GC","-Xms2g -Xmx2g","-mc 1 -wc 0 -t 8","-c 0-7",10k,20260423-201127,org.onebrc.again26.BRC010_NoStream,0,ERROR,187586070,228834220,36119449,2557670,63590564,112,11,0.82,0.08,0.02,0.06
JDK_21_OPEN,"-XX:+UseG1GC","-Xms1g -Xmx1g","-mc 1 -wc 0 -t 8","-c 0-7",1k,20260423-201127,org.onebrc.again26.BRC010_NoStream,0,ERROR,159671153,196745098,30433408,2083507,53863881,104,10,0.81,0.06,0.02,0.04
JDK_21_OPEN,"-XX:+UseG1GC","-Xms1g -Xmx1g","-mc 1 -wc 0 -t 8","-c 0-7",10k,20260423-201127,org.onebrc.again26.BRC010_NoStream,0,ERROR,159897968,192733969,30487822,2077108,59695028,103,6,0.83,0.07,0.03,0.04
JDK_21_OPEN,"-XX:+UseZGC","-Xms4g -Xmx4g","-mc 1 -wc 0 -t 8","-c 0-7",1k,20260423-201127,org.onebrc.again26.BRC012_SplitRemoved,0,ERROR,4935913763,6644189954,1022978728,111777658,1761350091,338,18,0.74,2.54,0.07,2.48
JDK_21_OPEN,"-XX:+UseZGC","-Xms4g -Xmx4g","-mc 1 -wc 0 -t 8","-c 0-7",10k,20260423-201127,org.onebrc.again26.BRC012_SplitRemoved,0,ERROR,4903259315,6628098096,1011720037,111772110,1895604945,211,23,0.74,2.79,0.04,2.76
JDK_21_OPEN,"-XX:+UseZGC","-Xms2g -Xmx2g","-mc 1 -wc 0 -t 8","-c 0-7",1k,20260423-201127,org.onebrc.again26.BRC012_SplitRemoved,0,ERROR,2540284336,3445803015,522539638,56944955,887995419,205,13,0.74,1.27,0.04,1.25
JDK_21_OPEN,"-XX:+UseZGC","-Xms2g -Xmx2g","-mc 1 -wc 0 -t 8","-c 0-7",10k,20260423-201127,org.onebrc.again26.BRC012_SplitRemoved,0,ERROR,2540605604,3455458203,522600091,56943057,883045610,224,21,0.74,1.30,0.05,1.26
JDK_21_OPEN,"-XX:+UseZGC","-Xms1g -Xmx1g","-mc 1 -wc 0 -t 8","-c 0-7",1k,20260423-201127,org.onebrc.again26.BRC012_SplitRemoved,0,ERROR,1360251220,1955498313,278814687,29645115,497273363,192,25,0.70,0.71,0.04,0.67
JDK_21_OPEN,"-XX:+UseZGC","-Xms1g -Xmx1g","-mc 1 -wc 0 -t 8","-c 0-7",10k,20260423-201127,org.onebrc.again26.BRC012_SplitRemoved,0,ERROR,1368248904,1955581100,281151789,29693679,526749801,195,24,0.70,0.73,0.05,0.70
JDK_21_OPEN,"-XX:+UseG1GC","-Xms4g -Xmx4g","-mc 1 -wc 0 -t 8","-c 0-7",1k,20260423-201127,org.onebrc.again26.BRC012_SplitRemoved,0,ERROR,174747417,228045789,33354618,2297787,61942078,114,16,0.77,0.07,0.02,0.05
JDK_21_OPEN,"-XX:+UseG1GC","-Xms4g -Xmx4g","-mc 1 -wc 0 -t 8","-c 0-7",10k,20260423-201127,org.onebrc.again26.BRC012_SplitRemoved,0,ERROR,175856547,235082427,33566718,2313029,64178113,118,10,0.75,0.08,0.03,0.06
JDK_21_OPEN,"-XX:+UseG1GC","-Xms2g -Xmx2g","-mc 1 -wc 0 -t 8","-c 0-7",1k,20260423-201127,org.onebrc.again26.BRC012_SplitRemoved,0,ERROR,188571581,250078564,36316346,2597910,68556850,117,13,0.75,0.08,0.03,0.05
JDK_21_OPEN,"-XX:+UseG1GC","-Xms2g -Xmx2g","-mc 1 -wc 0 -t 8","-c 0-7",10k,20260423-201127,org.onebrc.again26.BRC012_SplitRemoved,0,ERROR,188692651,258700867,36320998,2559212,71351317,116,18,0.73,0.08,0.04,0.05
JDK_21_OPEN,"-XX:+UseG1GC","-Xms1g -Xmx1g","-mc 1 -wc 0 -t 8","-c 0-7",1k,20260423-201127,org.onebrc.again26.BRC012_SplitRemoved,0,ERROR,160488299,211685951,30629269,2100642,59825041,110,8,0.76,0.07,0.03,0.05
JDK_21_OPEN,"-XX:+UseG1GC","-Xms1g -Xmx1g","-mc 1 -wc 0 -t 8","-c 0-7",10k,20260423-201127,org.onebrc.again26.BRC012_SplitRemoved,0,ERROR,160164268,204845148,30576279,2092186,58863579,117,12,0.78,0.07,0.03,0.04
JDK_21_OPEN,"-XX:+UseZGC","-Xms4g -Xmx4g","-mc 1 -wc 0 -t 8","-c 0-7",1k,20260423-201127,org.onebrc.again26.BRC014_NewParseDouble,0,ERROR,4922362879,6474212185,1017342305,111732389,1735706969,186,13,0.76,2.58,0.04,2.54
JDK_21_OPEN,"-XX:+UseZGC","-Xms4g -Xmx4g","-mc 1 -wc 0 -t 8","-c 0-7",10k,20260423-201127,org.onebrc.again26.BRC014_NewParseDouble,0,ERROR,4920531855,6477137982,1018611722,111609837,1693016699,218,14,0.76,2.46,0.04,2.43
JDK_21_OPEN,"-XX:+UseZGC","-Xms2g -Xmx2g","-mc 1 -wc 0 -t 8","-c 0-7",1k,20260423-201127,org.onebrc.again26.BRC014_NewParseDouble,0,ERROR,2539514510,3509288597,523246267,56997286,931101926,200,19,0.72,1.32,0.05,1.29
JDK_21_OPEN,"-XX:+UseZGC","-Xms2g -Xmx2g","-mc 1 -wc 0 -t 8","-c 0-7",10k,20260423-201127,org.onebrc.again26.BRC014_NewParseDouble,0,ERROR,2553564440,3258051072,526390185,57427500,1886185878,207,26,0.78,2.75,0.11,2.68
JDK_21_OPEN,"-XX:+UseZGC","-Xms1g -Xmx1g","-mc 1 -wc 0 -t 8","-c 0-7",1k,20260423-201127,org.onebrc.again26.BRC014_NewParseDouble,0,ERROR,1368056830,1757368277,280239444,29835033,1040793221,198,17,0.78,1.46,0.10,1.40
JDK_21_OPEN,"-XX:+UseZGC","-Xms1g -Xmx1g","-mc 1 -wc 0 -t 8","-c 0-7",10k,20260423-201127,org.onebrc.again26.BRC014_NewParseDouble,0,ERROR,1357785487,2006533890,277359244,29660859,519842314,202,15,0.68,0.73,0.04,0.70
JDK_21_OPEN,"-XX:+UseG1GC","-Xms4g -Xmx4g","-mc 1 -wc 0 -t 8","-c 0-7",1k,20260423-201127,org.onebrc.again26.BRC014_NewParseDouble,0,ERROR,175880807,235683835,33563706,2307952,62977812,122,10,0.75,0.08,0.03,0.04
JDK_21_OPEN,"-XX:+UseG1GC","-Xms4g -Xmx4g","-mc 1 -wc 0 -t 8","-c 0-7",10k,20260423-201127,org.onebrc.again26.BRC014_NewParseDouble,0,ERROR,176625821,238126685,33715587,2329371,64124503,124,15,0.74,0.08,0.03,0.05
JDK_21_OPEN,"-XX:+UseG1GC","-Xms2g -Xmx2g","-mc 1 -wc 0 -t 8","-c 0-7",1k,20260423-201127,org.onebrc.again26.BRC014_NewParseDouble,0,ERROR,187779925,244650606,36089276,2583401,69686751,116,17,0.77,0.09,0.03,0.06
JDK_21_OPEN,"-XX:+UseG1GC","-Xms2g -Xmx2g","-mc 1 -wc 0 -t 8","-c 0-7",10k,20260423-201127,org.onebrc.again26.BRC014_NewParseDouble,0,ERROR,188900726,251903890,36350444,2556262,69846733,115,10,0.75,0.09,0.03,0.06
JDK_21_OPEN,"-XX:+UseG1GC","-Xms1g -Xmx1g","-mc 1 -wc 0 -t 8","-c 0-7",1k,20260423-201127,org.onebrc.again26.BRC014_NewParseDouble,0,ERROR,161115898,212143407,30746842,2067469,62120055,120,12,0.76,0.08,0.03,0.05
JDK_21_OPEN,"-XX:+UseG1GC","-Xms1g -Xmx1g","-mc 1 -wc 0 -t 8","-c 0-7",10k,20260423-201127,org.onebrc.again26.BRC014_NewParseDouble,0,ERROR,161179454,245374272,30781554,2170580,74972527,117,18,0.66,0.09,0.04,0.05
JDK_21_OPEN,"-XX:+UseZGC","-Xms4g -Xmx4g","-mc 1 -wc 0 -t 8","-c 0-7",1k,20260423-201127,org.onebrc.again26.BRC015_ParseDoubleSimpler1,0,ERROR,4916708963,6461293395,1014313868,111781564,1680381712,212,14,0.76,2.45,0.04,2.42
JDK_21_OPEN,"-XX:+UseZGC","-Xms4g -Xmx4g","-mc 1 -wc 0 -t 8","-c 0-7",10k,20260423-201127,org.onebrc.again26.BRC015_ParseDoubleSimpler1,0,ERROR,4911618060,5937025407,1011039032,112390308,3465573293,224,25,0.83,4.63,0.08,4.58
JDK_21_OPEN,"-XX:+UseZGC","-Xms2g -Xmx2g","-mc 1 -wc 0 -t 8","-c 0-7",1k,20260423-201127,org.onebrc.again26.BRC015_ParseDoubleSimpler1,0,ERROR,2542469984,3424030364,522043683,56975841,848410318,214,18,0.74,1.21,0.04,1.18
JDK_21_OPEN,"-XX:+UseZGC","-Xms2g -Xmx2g","-mc 1 -wc 0 -t 8","-c 0-7",10k,20260423-201127,org.onebrc.again26.BRC015_ParseDoubleSimpler1,0,ERROR,2540491851,3433590473,521853678,56952601,848510191,195,13,0.74,1.23,0.05,1.18
JDK_21_OPEN,"-XX:+UseZGC","-Xms1g -Xmx1g","-mc 1 -wc 0 -t 8","-c 0-7",1k,20260423-201127,org.onebrc.again26.BRC015_ParseDoubleSimpler1,0,ERROR,1363339744,1885707818,278657034,29659998,496402447,260,21,0.72,0.68,0.04,0.64
JDK_21_OPEN,"-XX:+UseZGC","-Xms1g -Xmx1g","-mc 1 -wc 0 -t 8","-c 0-7",10k,20260423-201127,org.onebrc.again26.BRC015_ParseDoubleSimpler1,0,ERROR,1366096353,1889143532,279128231,29685393,477834951,205,24,0.72,0.85,0.05,0.82
JDK_21_OPEN,"-XX:+UseG1GC","-Xms4g -Xmx4g","-mc 1 -wc 0 -t 8","-c 0-7",1k,20260423-201127,org.onebrc.again26.BRC015_ParseDoubleSimpler1,0,ERROR,175861209,203076968,33540029,2348934,123017463,116,17,0.87,0.15,0.06,0.10
JDK_21_OPEN,"-XX:+UseG1GC","-Xms4g -Xmx4g","-mc 1 -wc 0 -t 8","-c 0-7",10k,20260423-201127,org.onebrc.again26.BRC015_ParseDoubleSimpler1,0,ERROR,175880450,190795683,33612358,2332805,116178723,115,6,0.92,0.14,0.06,0.09
JDK_21_OPEN,"-XX:+UseG1GC","-Xms2g -Xmx2g","-mc 1 -wc 0 -t 8","-c 0-7",1k,20260423-201127,org.onebrc.again26.BRC015_ParseDoubleSimpler1,0,ERROR,188931207,207539577,36366614,2597447,125892156,123,12,0.91,0.15,0.06,0.11
JDK_21_OPEN,"-XX:+UseG1GC","-Xms2g -Xmx2g","-mc 1 -wc 0 -t 8","-c 0-7",10k,20260423-201127,org.onebrc.again26.BRC015_ParseDoubleSimpler1,0,ERROR,187973283,206795743,36163034,2588508,125111474,120,12,0.91,0.14,0.05,0.10
JDK_21_OPEN,"-XX:+UseG1GC","-Xms1g -Xmx1g","-mc 1 -wc 0 -t 8","-c 0-7",1k,20260423-201127,org.onebrc.again26.BRC015_ParseDoubleSimpler1,0,ERROR,161885190,177218911,30895474,2136070,108786873,117,12,0.91,0.15,0.06,0.09
JDK_21_OPEN,"-XX:+UseG1GC","-Xms1g -Xmx1g","-mc 1 -wc 0 -t 8","-c 0-7",10k,20260423-201127,org.onebrc.again26.BRC015_ParseDoubleSimpler1,0,ERROR,161075943,175812561,30759194,2136973,107262309,123,14,0.92,0.12,0.06,0.07
JDK_21_OPEN,"-XX:+UseZGC","-Xms4g -Xmx4g","-mc 1 -wc 0 -t 8","-c 0-7",1k,20260423-201127,org.onebrc.again26.BRC016_NoExtraString,0,ERROR,4910851446,6043434182,1010945610,112027961,2941562953,216,21,0.81,3.65,0.05,3.61
JDK_21_OPEN,"-XX:+UseZGC","-Xms4g -Xmx4g","-mc 1 -wc 0 -t 8","-c 0-7",10k,20260423-201127,org.onebrc.again26.BRC016_NoExtraString,0,ERROR,4896784877,6428290685,1008162323,111679487,1597686736,222,17,0.76,2.32,0.04,2.27
JDK_21_OPEN,"-XX:+UseZGC","-Xms2g -Xmx2g","-mc 1 -wc 0 -t 8","-c 0-7",1k,20260423-201127,org.onebrc.again26.BRC016_NoExtraString,0,ERROR,2559556076,3415813190,528117054,56988755,841790919,195,17,0.75,1.25,0.05,1.21
JDK_21_OPEN,"-XX:+UseZGC","-Xms2g -Xmx2g","-mc 1 -wc 0 -t 8","-c 0-7",10k,20260423-201127,org.onebrc.again26.BRC016_NoExtraString,0,ERROR,2534840382,3374606894,519886068,56914763,840078751,199,14,0.75,1.20,0.03,1.18
JDK_21_OPEN,"-XX:+UseZGC","-Xms1g -Xmx1g","-mc 1 -wc 0 -t 8","-c 0-7",1k,20260423-201127,org.onebrc.again26.BRC016_NoExtraString,0,ERROR,1363987333,1845120570,278603481,29578870,460419264,199,13,0.74,0.65,0.05,0.61
JDK_21_OPEN,"-XX:+UseZGC","-Xms1g -Xmx1g","-mc 1 -wc 0 -t 8","-c 0-7",10k,20260423-201127,org.onebrc.again26.BRC016_NoExtraString,0,ERROR,1361641172,1864284032,277904829,29630743,467134584,211,20,0.73,0.66,0.05,0.62
JDK_21_OPEN,"-XX:+UseG1GC","-Xms4g -Xmx4g","-mc 1 -wc 0 -t 8","-c 0-7",1k,20260423-201127,org.onebrc.again26.BRC016_NoExtraString,0,ERROR,175177818,222119177,33471953,2302505,57535730,112,13,0.79,0.08,0.02,0.05
JDK_21_OPEN,"-XX:+UseG1GC","-Xms4g -Xmx4g","-mc 1 -wc 0 -t 8","-c 0-7",10k,20260423-201127,org.onebrc.again26.BRC016_NoExtraString,0,ERROR,175406187,220644548,33474074,2303704,59391082,105,9,0.79,0.07,0.02,0.05
JDK_21_OPEN,"-XX:+UseG1GC","-Xms2g -Xmx2g","-mc 1 -wc 0 -t 8","-c 0-7",1k,20260423-201127,org.onebrc.again26.BRC016_NoExtraString,0,ERROR,187049671,230846226,36005801,2551780,61696881,110,10,0.81,0.08,0.03,0.05
JDK_21_OPEN,"-XX:+UseG1GC","-Xms2g -Xmx2g","-mc 1 -wc 0 -t 8","-c 0-7",10k,20260423-201127,org.onebrc.again26.BRC016_NoExtraString,0,ERROR,188537093,237505271,36313469,2562708,61947373,129,12,0.79,0.08,0.03,0.05
JDK_21_OPEN,"-XX:+UseG1GC","-Xms1g -Xmx1g","-mc 1 -wc 0 -t 8","-c 0-7",1k,20260423-201127,org.onebrc.again26.BRC016_NoExtraString,0,ERROR,159750321,200895073,30461152,2087110,54482113,109,10,0.80,0.07,0.02,0.05
JDK_21_OPEN,"-XX:+UseG1GC","-Xms1g -Xmx1g","-mc 1 -wc 0 -t 8","-c 0-7",10k,20260423-201127,org.onebrc.again26.BRC016_NoExtraString,0,ERROR,160703536,202594912,30646859,2116026,54524322,112,11,0.79,0.07,0.03,0.04
JDK_21_OPEN,"-XX:+UseZGC","-Xms4g -Xmx4g","-mc 1 -wc 0 -t 8","-c 0-7",1k,20260423-201127,org.onebrc.again26.BRC017_ParseDoubleSimpler2,0,ERROR,4925877194,6409287052,1018812120,111611101,1617192158,203,17,0.77,2.32,0.04,2.29
JDK_21_OPEN,"-XX:+UseZGC","-Xms4g -Xmx4g","-mc 1 -wc 0 -t 8","-c 0-7",10k,20260423-201127,org.onebrc.again26.BRC017_ParseDoubleSimpler2,0,ERROR,4891296878,6447206574,1007920073,111588284,1614908525,204,25,0.76,2.36,0.04,2.31
JDK_21_OPEN,"-XX:+UseZGC","-Xms2g -Xmx2g","-mc 1 -wc 0 -t 8","-c 0-7",1k,20260423-201127,org.onebrc.again26.BRC017_ParseDoubleSimpler2,0,ERROR,2561032442,3415298451,528414022,56943281,838283200,195,16,0.75,1.22,0.04,1.18
JDK_21_OPEN,"-XX:+UseZGC","-Xms2g -Xmx2g","-mc 1 -wc 0 -t 8","-c 0-7",10k,20260423-201127,org.onebrc.again26.BRC017_ParseDoubleSimpler2,0,ERROR,2536297624,3402264098,520943315,56915067,872293993,190,16,0.75,1.23,0.04,1.21
JDK_21_OPEN,"-XX:+UseZGC","-Xms1g -Xmx1g","-mc 1 -wc 0 -t 8","-c 0-7",1k,20260423-201127,org.onebrc.again26.BRC017_ParseDoubleSimpler2,0,ERROR,1357685216,1854045452,277615264,29587372,468137552,204,14,0.73,0.66,0.04,0.63
JDK_21_OPEN,"-XX:+UseZGC","-Xms1g -Xmx1g","-mc 1 -wc 0 -t 8","-c 0-7",10k,20260423-201127,org.onebrc.again26.BRC017_ParseDoubleSimpler2,0,ERROR,1366176521,1847387058,279467349,29567529,462622972,188,27,0.74,0.68,0.04,0.65
JDK_21_OPEN,"-XX:+UseG1GC","-Xms4g -Xmx4g","-mc 1 -wc 0 -t 8","-c 0-7",1k,20260423-201127,org.onebrc.again26.BRC017_ParseDoubleSimpler2,0,ERROR,175425331,218276940,33516034,2293520,56880737,104,6,0.80,0.08,0.03,0.05
JDK_21_OPEN,"-XX:+UseG1GC","-Xms4g -Xmx4g","-mc 1 -wc 0 -t 8","-c 0-7",10k,20260423-201127,org.onebrc.again26.BRC017_ParseDoubleSimpler2,0,ERROR,174841910,214284766,33404571,2293396,58161429,109,6,0.82,0.08,0.03,0.04
JDK_21_OPEN,"-XX:+UseG1GC","-Xms2g -Xmx2g","-mc 1 -wc 0 -t 8","-c 0-7",1k,20260423-201127,org.onebrc.again26.BRC017_ParseDoubleSimpler2,0,ERROR,189510416,234126872,36473807,2591094,62791747,110,11,0.81,0.08,0.02,0.05
JDK_21_OPEN,"-XX:+UseG1GC","-Xms2g -Xmx2g","-mc 1 -wc 0 -t 8","-c 0-7",10k,20260423-201127,org.onebrc.again26.BRC017_ParseDoubleSimpler2,0,ERROR,187484259,230380592,36060971,2568485,60396795,123,7,0.81,0.08,0.03,0.05
JDK_21_OPEN,"-XX:+UseG1GC","-Xms1g -Xmx1g","-mc 1 -wc 0 -t 8","-c 0-7",1k,20260423-201127,org.onebrc.again26.BRC017_ParseDoubleSimpler2,0,ERROR,160543888,198338824,30618527,2094663,55220164,117,7,0.81,0.07,0.03,0.04
JDK_21_OPEN,"-XX:+UseG1GC","-Xms1g -Xmx1g","-mc 1 -wc 0 -t 8","-c 0-7",10k,20260423-201127,org.onebrc.again26.BRC017_ParseDoubleSimpler2,0,ERROR,159958204,196745061,30524498,2085107,52630265,122,10,0.81,0.06,0.02,0.04
JDK_25_OPEN,"-XX:+UseZGC","-Xms4g -Xmx4g","-mc 1 -wc 0 -t 8","-c 0-7",1k,20260423-201127,org.onebrc.again26.BRC000_Empty,0,ERROR,4940264271,6472638247,1022003934,112035162,1681761927,222,28,0.76,2.46,0.05,2.40
JDK_25_OPEN,"-XX:+UseZGC","-Xms4g -Xmx4g","-mc 1 -wc 0 -t 8","-c 0-7",10k,20260423-201127,org.onebrc.again26.BRC000_Empty,0,ERROR,4909612838,6469623295,1013349027,111694717,1660118126,196,21,0.76,2.40,0.03,2.38
JDK_25_OPEN,"-XX:+UseZGC","-Xms2g -Xmx2g","-mc 1 -wc 0 -t 8","-c 0-7",1k,20260423-201127,org.onebrc.again26.BRC000_Empty,0,ERROR,2558088453,3539592958,527837200,57065346,927331733,198,19,0.72,1.32,0.04,1.28
JDK_25_OPEN,"-XX:+UseZGC","-Xms2g -Xmx2g","-mc 1 -wc 0 -t 8","-c 0-7",10k,20260423-201127,org.onebrc.again26.BRC000_Empty,0,ERROR,2548623284,3471194683,524628911,57057941,862554659,175,18,0.73,1.26,0.04,1.23
JDK_25_OPEN,"-XX:+UseZGC","-Xms1g -Xmx1g","-mc 1 -wc 0 -t 8","-c 0-7",1k,20260423-201127,org.onebrc.again26.BRC000_Empty,0,ERROR,1371343175,1907554055,281497364,29694208,514862667,205,22,0.72,0.70,0.04,0.68
JDK_25_OPEN,"-XX:+UseZGC","-Xms1g -Xmx1g","-mc 1 -wc 0 -t 8","-c 0-7",10k,20260423-201127,org.onebrc.again26.BRC000_Empty,0,ERROR,1364460522,1884100433,279151398,29661996,474539321,196,13,0.72,0.66,0.04,0.64
JDK_25_OPEN,"-XX:+UseG1GC","-Xms4g -Xmx4g","-mc 1 -wc 0 -t 8","-c 0-7",1k,20260423-201127,org.onebrc.again26.BRC000_Empty,0,ERROR,155949573,204981549,30301062,1994253,55261274,121,8,0.76,0.05,0.02,0.04
JDK_25_OPEN,"-XX:+UseG1GC","-Xms4g -Xmx4g","-mc 1 -wc 0 -t 8","-c 0-7",10k,20260423-201127,org.onebrc.again26.BRC000_Empty,0,ERROR,156044294,194604427,30344338,1975887,55840727,126,10,0.80,0.05,0.03,0.04
JDK_25_OPEN,"-XX:+UseG1GC","-Xms2g -Xmx2g","-mc 1 -wc 0 -t 8","-c 0-7",1k,20260423-201127,org.onebrc.again26.BRC000_Empty,0,ERROR,177075772,223338653,34594628,2321349,60359620,126,9,0.79,0.07,0.02,0.05
JDK_25_OPEN,"-XX:+UseG1GC","-Xms2g -Xmx2g","-mc 1 -wc 0 -t 8","-c 0-7",10k,20260423-201127,org.onebrc.again26.BRC000_Empty,0,ERROR,169512444,214484020,33192634,2267773,59461943,126,11,0.79,0.07,0.02,0.05
JDK_25_OPEN,"-XX:+UseG1GC","-Xms1g -Xmx1g","-mc 1 -wc 0 -t 8","-c 0-7",1k,20260423-201127,org.onebrc.again26.BRC000_Empty,0,ERROR,151196696,198851982,29466574,1956152,54856551,123,10,0.76,0.05,0.02,0.04
JDK_25_OPEN,"-XX:+UseG1GC","-Xms1g -Xmx1g","-mc 1 -wc 0 -t 8","-c 0-7",10k,20260423-201127,org.onebrc.again26.BRC000_Empty,0,ERROR,151343833,191819705,29500466,1947544,53036476,127,9,0.79,0.06,0.03,0.04
JDK_25_OPEN,"-XX:+UseZGC","-Xms4g -Xmx4g","-mc 1 -wc 0 -t 8","-c 0-7",1k,20260423-201127,org.onebrc.again26.BRC001_Baseline,0,ERROR,4921717328,6512486845,1017637447,111742487,1645476638,211,22,0.76,2.40,0.05,2.36
JDK_25_OPEN,"-XX:+UseZGC","-Xms4g -Xmx4g","-mc 1 -wc 0 -t 8","-c 0-7",10k,20260423-201127,org.onebrc.again26.BRC001_Baseline,0,ERROR,4920825774,6735122597,1017012909,111854663,1777965526,193,17,0.73,2.63,0.04,2.61
JDK_25_OPEN,"-XX:+UseZGC","-Xms2g -Xmx2g","-mc 1 -wc 0 -t 8","-c 0-7",1k,20260423-201127,org.onebrc.again26.BRC001_Baseline,0,ERROR,2547857828,3540300257,524525454,57129844,898351022,194,16,0.72,1.27,0.05,1.25
JDK_25_OPEN,"-XX:+UseZGC","-Xms2g -Xmx2g","-mc 1 -wc 0 -t 8","-c 0-7",10k,20260423-201127,org.onebrc.again26.BRC001_Baseline,0,ERROR,2556698477,3505982008,527609615,57053435,875343602,205,22,0.73,1.25,0.05,1.22
JDK_25_OPEN,"-XX:+UseZGC","-Xms1g -Xmx1g","-mc 1 -wc 0 -t 8","-c 0-7",1k,20260423-201127,org.onebrc.again26.BRC001_Baseline,0,ERROR,1371107408,1920397989,281504239,29703435,513638530,198,10,0.71,0.50,0.04,0.48
JDK_25_OPEN,"-XX:+UseZGC","-Xms1g -Xmx1g","-mc 1 -wc 0 -t 8","-c 0-7",10k,20260423-201127,org.onebrc.again26.BRC001_Baseline,0,ERROR,1372010001,1879407816,281507506,29694722,480692556,191,13,0.73,0.67,0.04,0.64
JDK_25_OPEN,"-XX:+UseG1GC","-Xms4g -Xmx4g","-mc 1 -wc 0 -t 8","-c 0-7",1k,20260423-201127,org.onebrc.again26.BRC001_Baseline,0,ERROR,156553674,202986306,30456317,2010340,56325663,127,6,0.77,0.07,0.03,0.04
JDK_25_OPEN,"-XX:+UseG1GC","-Xms4g -Xmx4g","-mc 1 -wc 0 -t 8","-c 0-7",10k,20260423-201127,org.onebrc.again26.BRC001_Baseline,0,ERROR,155903533,192271918,30319645,1971303,53551455,127,10,0.81,0.07,0.03,0.04
JDK_25_OPEN,"-XX:+UseG1GC","-Xms2g -Xmx2g","-mc 1 -wc 0 -t 8","-c 0-7",1k,20260423-201127,org.onebrc.again26.BRC001_Baseline,0,ERROR,169342774,221363264,33151814,2259319,59251945,131,13,0.76,0.06,0.03,0.04
JDK_25_OPEN,"-XX:+UseG1GC","-Xms2g -Xmx2g","-mc 1 -wc 0 -t 8","-c 0-7",10k,20260423-201127,org.onebrc.again26.BRC001_Baseline,0,ERROR,169086900,209429392,33100725,2239348,58364843,123,12,0.81,0.06,0.03,0.05
JDK_25_OPEN,"-XX:+UseG1GC","-Xms1g -Xmx1g","-mc 1 -wc 0 -t 8","-c 0-7",1k,20260423-201127,org.onebrc.again26.BRC001_Baseline,0,ERROR,151599996,193330682,29552431,1952683,53360554,127,13,0.78,0.06,0.03,0.04
JDK_25_OPEN,"-XX:+UseG1GC","-Xms1g -Xmx1g","-mc 1 -wc 0 -t 8","-c 0-7",10k,20260423-201127,org.onebrc.again26.BRC001_Baseline,0,ERROR,160509202,204122601,31187987,2021383,54246019,112,9,0.79,0.06,0.02,0.05
JDK_25_OPEN,"-XX:+UseZGC","-Xms4g -Xmx4g","-mc 1 -wc 0 -t 8","-c 0-7",1k,20260423-201127,org.onebrc.again26.BRC010_NoStream,0,ERROR,4915035645,6481808179,1015886584,111748596,1694812678,215,16,0.76,2.45,0.05,2.41
JDK_25_OPEN,"-XX:+UseZGC","-Xms4g -Xmx4g","-mc 1 -wc 0 -t 8","-c 0-7",10k,20260423-201127,org.onebrc.again26.BRC010_NoStream,0,ERROR,4917159868,6501554355,1015983535,111710076,1678622493,215,15,0.76,2.42,0.04,2.39
JDK_25_OPEN,"-XX:+UseZGC","-Xms2g -Xmx2g","-mc 1 -wc 0 -t 8","-c 0-7",1k,20260423-201127,org.onebrc.again26.BRC010_NoStream,0,ERROR,2552450283,3410323873,526099798,56978995,861236830,188,13,0.75,1.24,0.04,1.21
JDK_25_OPEN,"-XX:+UseZGC","-Xms2g -Xmx2g","-mc 1 -wc 0 -t 8","-c 0-7",10k,20260423-201127,org.onebrc.again26.BRC010_NoStream,0,ERROR,2550682340,3454948907,525752951,56968747,872401335,178,17,0.74,1.25,0.04,1.22
JDK_25_OPEN,"-XX:+UseZGC","-Xms1g -Xmx1g","-mc 1 -wc 0 -t 8","-c 0-7",1k,20260423-201127,org.onebrc.again26.BRC010_NoStream,0,ERROR,1372228991,1882476099,281694167,29670837,474857310,206,14,0.73,0.67,0.05,0.64
JDK_25_OPEN,"-XX:+UseZGC","-Xms1g -Xmx1g","-mc 1 -wc 0 -t 8","-c 0-7",10k,20260423-201127,org.onebrc.again26.BRC010_NoStream,0,ERROR,1372423194,1920965683,281711193,29657118,508820392,184,22,0.71,0.50,0.04,0.49
JDK_25_OPEN,"-XX:+UseG1GC","-Xms4g -Xmx4g","-mc 1 -wc 0 -t 8","-c 0-7",1k,20260423-201127,org.onebrc.again26.BRC010_NoStream,0,ERROR,156321966,197636230,30380062,1975526,55687317,124,10,0.79,0.05,0.03,0.04
JDK_25_OPEN,"-XX:+UseG1GC","-Xms4g -Xmx4g","-mc 1 -wc 0 -t 8","-c 0-7",10k,20260423-201127,org.onebrc.again26.BRC010_NoStream,0,ERROR,156171374,200179344,30364010,1997435,57345160,134,12,0.78,0.06,0.03,0.04
JDK_25_OPEN,"-XX:+UseG1GC","-Xms2g -Xmx2g","-mc 1 -wc 0 -t 8","-c 0-7",1k,20260423-201127,org.onebrc.again26.BRC010_NoStream,0,ERROR,169011948,207375508,33083647,2244905,56505016,131,9,0.82,0.07,0.02,0.05
JDK_25_OPEN,"-XX:+UseG1GC","-Xms2g -Xmx2g","-mc 1 -wc 0 -t 8","-c 0-7",10k,20260423-201127,org.onebrc.again26.BRC010_NoStream,0,ERROR,169713383,212671754,33218020,2267185,60895670,123,14,0.80,0.07,0.03,0.05
JDK_25_OPEN,"-XX:+UseG1GC","-Xms1g -Xmx1g","-mc 1 -wc 0 -t 8","-c 0-7",1k,20260423-201127,org.onebrc.again26.BRC010_NoStream,0,ERROR,151419034,188723289,29499860,1944192,52784502,129,12,0.80,0.05,0.03,0.04
JDK_25_OPEN,"-XX:+UseG1GC","-Xms1g -Xmx1g","-mc 1 -wc 0 -t 8","-c 0-7",10k,20260423-201127,org.onebrc.again26.BRC010_NoStream,0,ERROR,151443878,187615784,29521977,1939228,52815298,126,8,0.81,0.05,0.02,0.04
JDK_25_OPEN,"-XX:+UseZGC","-Xms4g -Xmx4g","-mc 1 -wc 0 -t 8","-c 0-7",1k,20260423-201127,org.onebrc.again26.BRC012_SplitRemoved,0,ERROR,4933296313,6416172707,1022406955,111645358,1635518091,204,14,0.77,1.63,0.04,1.60
JDK_25_OPEN,"-XX:+UseZGC","-Xms4g -Xmx4g","-mc 1 -wc 0 -t 8","-c 0-7",10k,20260423-201127,org.onebrc.again26.BRC012_SplitRemoved,0,ERROR,4888804114,6466425552,1006087186,111693482,1671611541,210,18,0.76,1.67,0.04,1.64
JDK_25_OPEN,"-XX:+UseZGC","-Xms2g -Xmx2g","-mc 1 -wc 0 -t 8","-c 0-7",1k,20260423-201127,org.onebrc.again26.BRC012_SplitRemoved,0,ERROR,2544754178,3457674118,524536442,57007785,953239459,196,21,0.74,1.33,0.05,1.30
JDK_25_OPEN,"-XX:+UseZGC","-Xms2g -Xmx2g","-mc 1 -wc 0 -t 8","-c 0-7",10k,20260423-201127,org.onebrc.again26.BRC012_SplitRemoved,0,ERROR,2564950297,3471348594,530519658,56977293,863198654,198,13,0.74,1.25,0.04,1.22
JDK_25_OPEN,"-XX:+UseZGC","-Xms1g -Xmx1g","-mc 1 -wc 0 -t 8","-c 0-7",1k,20260423-201127,org.onebrc.again26.BRC012_SplitRemoved,0,ERROR,1373218263,1887283695,282227343,29673954,500160124,190,12,0.73,0.68,0.04,0.65
JDK_25_OPEN,"-XX:+UseZGC","-Xms1g -Xmx1g","-mc 1 -wc 0 -t 8","-c 0-7",10k,20260423-201127,org.onebrc.again26.BRC012_SplitRemoved,0,ERROR,1366419612,1891159169,279917161,29686297,481516255,203,14,0.72,0.67,0.04,0.65
JDK_25_OPEN,"-XX:+UseG1GC","-Xms4g -Xmx4g","-mc 1 -wc 0 -t 8","-c 0-7",1k,20260423-201127,org.onebrc.again26.BRC012_SplitRemoved,0,ERROR,156228987,195966916,30365094,1976173,52749450,126,5,0.80,0.07,0.02,0.05
JDK_25_OPEN,"-XX:+UseG1GC","-Xms4g -Xmx4g","-mc 1 -wc 0 -t 8","-c 0-7",10k,20260423-201127,org.onebrc.again26.BRC012_SplitRemoved,0,ERROR,155585540,192691026,30233333,1977022,52628193,121,9,0.81,0.06,0.02,0.04
JDK_25_OPEN,"-XX:+UseG1GC","-Xms2g -Xmx2g","-mc 1 -wc 0 -t 8","-c 0-7",1k,20260423-201127,org.onebrc.again26.BRC012_SplitRemoved,0,ERROR,169098879,207783994,33113532,2250805,58280381,129,14,0.81,0.07,0.03,0.04
JDK_25_OPEN,"-XX:+UseG1GC","-Xms2g -Xmx2g","-mc 1 -wc 0 -t 8","-c 0-7",10k,20260423-201127,org.onebrc.again26.BRC012_SplitRemoved,0,ERROR,169674046,187166655,33216918,2289644,115560779,130,9,0.91,0.13,0.05,0.10
JDK_25_OPEN,"-XX:+UseG1GC","-Xms1g -Xmx1g","-mc 1 -wc 0 -t 8","-c 0-7",1k,20260423-201127,org.onebrc.again26.BRC012_SplitRemoved,0,ERROR,151995934,173864562,29631694,2006171,108060834,129,11,0.87,0.12,0.06,0.09
JDK_25_OPEN,"-XX:+UseG1GC","-Xms1g -Xmx1g","-mc 1 -wc 0 -t 8","-c 0-7",10k,20260423-201127,org.onebrc.again26.BRC012_SplitRemoved,0,ERROR,151940505,177426897,29608203,1993422,109764379,124,6,0.86,0.13,0.06,0.08
JDK_25_OPEN,"-XX:+UseZGC","-Xms4g -Xmx4g","-mc 1 -wc 0 -t 8","-c 0-7",1k,20260423-201127,org.onebrc.again26.BRC014_NewParseDouble,0,ERROR,4906081543,5919596760,1009503253,112280823,3494677043,210,14,0.83,4.30,0.09,4.24
JDK_25_OPEN,"-XX:+UseZGC","-Xms4g -Xmx4g","-mc 1 -wc 0 -t 8","-c 0-7",10k,20260423-201127,org.onebrc.again26.BRC014_NewParseDouble,0,ERROR,4897563321,6550939638,1009049459,111820268,1661820077,191,21,0.75,2.38,0.05,2.34
JDK_25_OPEN,"-XX:+UseZGC","-Xms2g -Xmx2g","-mc 1 -wc 0 -t 8","-c 0-7",1k,20260423-201127,org.onebrc.again26.BRC014_NewParseDouble,0,ERROR,2559902327,3492408238,528967180,57033488,885528084,197,16,0.73,0.88,0.05,0.85
JDK_25_OPEN,"-XX:+UseZGC","-Xms2g -Xmx2g","-mc 1 -wc 0 -t 8","-c 0-7",10k,20260423-201127,org.onebrc.again26.BRC014_NewParseDouble,0,ERROR,2576796092,3280599496,532934791,57396450,1728269821,243,17,0.79,2.63,0.09,2.57
JDK_25_OPEN,"-XX:+UseZGC","-Xms1g -Xmx1g","-mc 1 -wc 0 -t 8","-c 0-7",1k,20260423-201127,org.onebrc.again26.BRC014_NewParseDouble,0,ERROR,1373138219,1700566152,281257837,29893534,1008981622,203,27,0.81,1.41,0.09,1.36
JDK_25_OPEN,"-XX:+UseZGC","-Xms1g -Xmx1g","-mc 1 -wc 0 -t 8","-c 0-7",10k,20260423-201127,org.onebrc.again26.BRC014_NewParseDouble,0,ERROR,1374243630,1852956277,282484286,29736419,667822257,191,14,0.74,0.87,0.05,0.84
JDK_25_OPEN,"-XX:+UseG1GC","-Xms4g -Xmx4g","-mc 1 -wc 0 -t 8","-c 0-7",1k,20260423-201127,org.onebrc.again26.BRC014_NewParseDouble,0,ERROR,155982776,203741376,30330836,1990153,54736331,134,5,0.77,0.05,0.03,0.04
JDK_25_OPEN,"-XX:+UseG1GC","-Xms4g -Xmx4g","-mc 1 -wc 0 -t 8","-c 0-7",10k,20260423-201127,org.onebrc.again26.BRC014_NewParseDouble,0,ERROR,156558742,198634089,30445048,1994807,54876631,133,9,0.79,0.05,0.03,0.04
JDK_25_OPEN,"-XX:+UseG1GC","-Xms2g -Xmx2g","-mc 1 -wc 0 -t 8","-c 0-7",1k,20260423-201127,org.onebrc.again26.BRC014_NewParseDouble,0,ERROR,169182289,219067293,33111510,2283630,57820787,128,11,0.77,0.07,0.02,0.05
JDK_25_OPEN,"-XX:+UseG1GC","-Xms2g -Xmx2g","-mc 1 -wc 0 -t 8","-c 0-7",10k,20260423-201127,org.onebrc.again26.BRC014_NewParseDouble,0,ERROR,169113581,214337142,33134634,2268583,60625499,133,19,0.79,0.06,0.03,0.04
JDK_25_OPEN,"-XX:+UseG1GC","-Xms1g -Xmx1g","-mc 1 -wc 0 -t 8","-c 0-7",1k,20260423-201127,org.onebrc.again26.BRC014_NewParseDouble,0,ERROR,152296569,201170602,29721319,1974912,52590613,132,10,0.76,0.05,0.02,0.04
JDK_25_OPEN,"-XX:+UseG1GC","-Xms1g -Xmx1g","-mc 1 -wc 0 -t 8","-c 0-7",10k,20260423-201127,org.onebrc.again26.BRC014_NewParseDouble,0,ERROR,151191592,197107543,29470639,1952182,53244739,124,7,0.77,0.06,0.02,0.05
JDK_25_OPEN,"-XX:+UseZGC","-Xms4g -Xmx4g","-mc 1 -wc 0 -t 8","-c 0-7",1k,20260423-201127,org.onebrc.again26.BRC015_ParseDoubleSimpler1,0,ERROR,4894761912,6529248938,1008876154,111706160,1623771359,200,25,0.75,2.39,0.05,2.36
JDK_25_OPEN,"-XX:+UseZGC","-Xms4g -Xmx4g","-mc 1 -wc 0 -t 8","-c 0-7",10k,20260423-201127,org.onebrc.again26.BRC015_ParseDoubleSimpler1,0,ERROR,4946314315,6207223001,1024085004,112162800,2920165370,207,14,0.80,4.56,0.08,4.51
JDK_25_OPEN,"-XX:+UseZGC","-Xms2g -Xmx2g","-mc 1 -wc 0 -t 8","-c 0-7",1k,20260423-201127,org.onebrc.again26.BRC015_ParseDoubleSimpler1,0,ERROR,2543843463,3405769478,523084780,57021751,973681334,204,12,0.75,1.34,0.05,1.31
JDK_25_OPEN,"-XX:+UseZGC","-Xms2g -Xmx2g","-mc 1 -wc 0 -t 8","-c 0-7",10k,20260423-201127,org.onebrc.again26.BRC015_ParseDoubleSimpler1,0,ERROR,2552180442,3505444670,526231119,57040292,863631494,193,16,0.73,0.85,0.04,0.83
JDK_25_OPEN,"-XX:+UseZGC","-Xms1g -Xmx1g","-mc 1 -wc 0 -t 8","-c 0-7",1k,20260423-201127,org.onebrc.again26.BRC015_ParseDoubleSimpler1,0,ERROR,1372220607,1924467671,281805882,29718352,500516700,195,16,0.71,0.69,0.04,0.66
JDK_25_OPEN,"-XX:+UseZGC","-Xms1g -Xmx1g","-mc 1 -wc 0 -t 8","-c 0-7",10k,20260423-201127,org.onebrc.again26.BRC015_ParseDoubleSimpler1,0,ERROR,1364036303,1929090786,279097357,29775884,478420656,199,20,0.71,0.65,0.05,0.63
JDK_25_OPEN,"-XX:+UseG1GC","-Xms4g -Xmx4g","-mc 1 -wc 0 -t 8","-c 0-7",1k,20260423-201127,org.onebrc.again26.BRC015_ParseDoubleSimpler1,0,ERROR,156476239,199737174,30407368,1983264,53657067,125,6,0.78,0.07,0.03,0.05
JDK_25_OPEN,"-XX:+UseG1GC","-Xms4g -Xmx4g","-mc 1 -wc 0 -t 8","-c 0-7",10k,20260423-201127,org.onebrc.again26.BRC015_ParseDoubleSimpler1,0,ERROR,156294970,201157099,30375388,1994209,54293918,124,14,0.78,0.05,0.03,0.03
JDK_25_OPEN,"-XX:+UseG1GC","-Xms2g -Xmx2g","-mc 1 -wc 0 -t 8","-c 0-7",1k,20260423-201127,org.onebrc.again26.BRC015_ParseDoubleSimpler1,0,ERROR,169246861,212369893,33158238,2256808,57516368,134,8,0.80,0.06,0.03,0.04
JDK_25_OPEN,"-XX:+UseG1GC","-Xms2g -Xmx2g","-mc 1 -wc 0 -t 8","-c 0-7",10k,20260423-201127,org.onebrc.again26.BRC015_ParseDoubleSimpler1,0,ERROR,169130450,214419378,33103812,2264861,57639901,123,11,0.79,0.06,0.02,0.05
JDK_25_OPEN,"-XX:+UseG1GC","-Xms1g -Xmx1g","-mc 1 -wc 0 -t 8","-c 0-7",1k,20260423-201127,org.onebrc.again26.BRC015_ParseDoubleSimpler1,0,ERROR,151415393,207335254,29508832,1952306,54579738,128,12,0.73,0.06,0.03,0.04
JDK_25_OPEN,"-XX:+UseG1GC","-Xms1g -Xmx1g","-mc 1 -wc 0 -t 8","-c 0-7",10k,20260423-201127,org.onebrc.again26.BRC015_ParseDoubleSimpler1,0,ERROR,151597000,202384200,29546810,1961637,57050629,119,10,0.75,0.05,0.03,0.03
JDK_25_OPEN,"-XX:+UseZGC","-Xms4g -Xmx4g","-mc 1 -wc 0 -t 8","-c 0-7",1k,20260423-201127,org.onebrc.again26.BRC016_NoExtraString,0,ERROR,4912737113,6470307990,1013754667,111797867,1620304285,207,19,0.76,2.34,0.04,2.31
JDK_25_OPEN,"-XX:+UseZGC","-Xms4g -Xmx4g","-mc 1 -wc 0 -t 8","-c 0-7",10k,20260423-201127,org.onebrc.again26.BRC016_NoExtraString,0,ERROR,4882091702,6462154539,1004799685,111689676,1614156324,200,8,0.76,2.35,0.04,2.31
JDK_25_OPEN,"-XX:+UseZGC","-Xms2g -Xmx2g","-mc 1 -wc 0 -t 8","-c 0-7",1k,20260423-201127,org.onebrc.again26.BRC016_NoExtraString,0,ERROR,2536130469,3467609468,521772822,56949538,904684863,186,16,0.73,0.90,0.04,0.88
JDK_25_OPEN,"-XX:+UseZGC","-Xms2g -Xmx2g","-mc 1 -wc 0 -t 8","-c 0-7",10k,20260423-201127,org.onebrc.again26.BRC016_NoExtraString,0,ERROR,2562342571,3469149068,529374912,57005220,870253024,190,19,0.74,1.24,0.04,1.21
JDK_25_OPEN,"-XX:+UseZGC","-Xms1g -Xmx1g","-mc 1 -wc 0 -t 8","-c 0-7",1k,20260423-201127,org.onebrc.again26.BRC016_NoExtraString,0,ERROR,1361743777,1898862045,279050543,29644103,479571118,206,14,0.72,0.67,0.04,0.64
JDK_25_OPEN,"-XX:+UseZGC","-Xms1g -Xmx1g","-mc 1 -wc 0 -t 8","-c 0-7",10k,20260423-201127,org.onebrc.again26.BRC016_NoExtraString,0,ERROR,1362143085,1909892871,279132305,29674300,479781093,197,20,0.71,0.47,0.04,0.45
JDK_25_OPEN,"-XX:+UseG1GC","-Xms4g -Xmx4g","-mc 1 -wc 0 -t 8","-c 0-7",1k,20260423-201127,org.onebrc.again26.BRC016_NoExtraString,0,ERROR,156815562,205851285,30486523,2003742,59975829,132,15,0.76,0.07,0.03,0.05
JDK_25_OPEN,"-XX:+UseG1GC","-Xms4g -Xmx4g","-mc 1 -wc 0 -t 8","-c 0-7",10k,20260423-201127,org.onebrc.again26.BRC016_NoExtraString,0,ERROR,156367315,246783158,30400339,1995457,80483349,135,21,0.63,0.09,0.05,0.06
JDK_25_OPEN,"-XX:+UseG1GC","-Xms2g -Xmx2g","-mc 1 -wc 0 -t 8","-c 0-7",1k,20260423-201127,org.onebrc.again26.BRC016_NoExtraString,0,ERROR,169436023,206902473,33196319,2247741,60017034,129,6,0.82,0.07,0.03,0.05
JDK_25_OPEN,"-XX:+UseG1GC","-Xms2g -Xmx2g","-mc 1 -wc 0 -t 8","-c 0-7",10k,20260423-201127,org.onebrc.again26.BRC016_NoExtraString,0,ERROR,169567736,221786608,33190198,2274790,60402850,129,15,0.76,0.07,0.03,0.05
JDK_25_OPEN,"-XX:+UseG1GC","-Xms1g -Xmx1g","-mc 1 -wc 0 -t 8","-c 0-7",1k,20260423-201127,org.onebrc.again26.BRC016_NoExtraString,0,ERROR,151429435,189586470,29521623,1944184,51484988,121,6,0.80,0.06,0.02,0.04
JDK_25_OPEN,"-XX:+UseG1GC","-Xms1g -Xmx1g","-mc 1 -wc 0 -t 8","-c 0-7",10k,20260423-201127,org.onebrc.again26.BRC016_NoExtraString,0,ERROR,151427745,192722857,29513047,1931400,51099847,128,14,0.79,0.05,0.02,0.04
JDK_25_OPEN,"-XX:+UseZGC","-Xms4g -Xmx4g","-mc 1 -wc 0 -t 8","-c 0-7",1k,20260423-201127,org.onebrc.again26.BRC017_ParseDoubleSimpler2,0,ERROR,4919030433,6547255375,1017157249,111709622,1667330310,193,20,0.75,2.50,0.04,2.47
JDK_25_OPEN,"-XX:+UseZGC","-Xms4g -Xmx4g","-mc 1 -wc 0 -t 8","-c 0-7",10k,20260423-201127,org.onebrc.again26.BRC017_ParseDoubleSimpler2,0,ERROR,4898662509,6668717675,1010941024,111755491,1714625961,206,21,0.73,2.47,0.04,2.43
JDK_25_OPEN,"-XX:+UseZGC","-Xms2g -Xmx2g","-mc 1 -wc 0 -t 8","-c 0-7",1k,20260423-201127,org.onebrc.again26.BRC017_ParseDoubleSimpler2,0,ERROR,2549454743,3733944751,525645829,57154456,952799344,200,29,0.68,1.34,0.05,1.32
JDK_25_OPEN,"-XX:+UseZGC","-Xms2g -Xmx2g","-mc 1 -wc 0 -t 8","-c 0-7",10k,20260423-201127,org.onebrc.again26.BRC017_ParseDoubleSimpler2,0,ERROR,2536104569,3484414282,521686057,57005885,861424552,183,18,0.73,1.24,0.04,1.21
JDK_25_OPEN,"-XX:+UseZGC","-Xms1g -Xmx1g","-mc 1 -wc 0 -t 8","-c 0-7",1k,20260423-201127,org.onebrc.again26.BRC017_ParseDoubleSimpler2,0,ERROR,1367143196,1896004831,280463031,29643734,478290086,190,15,0.72,0.67,0.04,0.64
JDK_25_OPEN,"-XX:+UseZGC","-Xms1g -Xmx1g","-mc 1 -wc 0 -t 8","-c 0-7",10k,20260423-201127,org.onebrc.again26.BRC017_ParseDoubleSimpler2,0,ERROR,1365993449,1921409751,279904028,29681565,490018088,207,18,0.71,0.68,0.04,0.65
JDK_25_OPEN,"-XX:+UseG1GC","-Xms4g -Xmx4g","-mc 1 -wc 0 -t 8","-c 0-7",1k,20260423-201127,org.onebrc.again26.BRC017_ParseDoubleSimpler2,0,ERROR,156820014,199551288,30507236,1992868,53648679,130,11,0.79,0.05,0.03,0.03
JDK_25_OPEN,"-XX:+UseG1GC","-Xms4g -Xmx4g","-mc 1 -wc 0 -t 8","-c 0-7",10k,20260423-201127,org.onebrc.again26.BRC017_ParseDoubleSimpler2,0,ERROR,156633868,196041846,30459754,1975171,53253645,124,12,0.80,0.05,0.02,0.04
JDK_25_OPEN,"-XX:+UseG1GC","-Xms2g -Xmx2g","-mc 1 -wc 0 -t 8","-c 0-7",1k,20260423-201127,org.onebrc.again26.BRC017_ParseDoubleSimpler2,0,ERROR,169541769,207986621,33223966,2262948,59338175,128,16,0.82,0.06,0.03,0.04
JDK_25_OPEN,"-XX:+UseG1GC","-Xms2g -Xmx2g","-mc 1 -wc 0 -t 8","-c 0-7",10k,20260423-201127,org.onebrc.again26.BRC017_ParseDoubleSimpler2,0,ERROR,169421960,206985344,33189650,2258170,58105408,135,8,0.82,0.07,0.03,0.05
JDK_25_OPEN,"-XX:+UseG1GC","-Xms1g -Xmx1g","-mc 1 -wc 0 -t 8","-c 0-7",1k,20260423-201127,org.onebrc.again26.BRC017_ParseDoubleSimpler2,0,ERROR,151565173,186489650,29546606,1940424,52746934,128,11,0.81,0.06,0.03,0.04
JDK_25_OPEN,"-XX:+UseG1GC","-Xms1g -Xmx1g","-mc 1 -wc 0 -t 8","-c 0-7",10k,20260423-201127,org.onebrc.again26.BRC017_ParseDoubleSimpler2,0,ERROR,151599634,189682161,29562494,1958533,52542294,128,9,0.80,0.05,0.02,0.04
